City,Records,Mean Energy (kWh/m²),Std Energy,Mean Carbon (kg/m²),Mean Floor Area (m²),HDD
Cambridge,100,251.02659275909446,49.85659248641416,50.20531855181887,89.39535676508675,2100
Boston,100,246.7443245695318,48.0457407861802,49.348864913906375,90.15829514605242,2250
Liverpool,100,246.78460259621122,53.43572585513192,49.35692051924225,93.4888561577722,2150
Sheffield,100,248.9259766661754,54.616113421853875,49.78519533323506,90.32802388360909,2300
