City,Current Energy,New Energy,Current Carbon,New Carbon,Current Cost,New Cost,Measures,Retrofit Cost
Cambridge,66.84157011398844,40.907040909760916,11.235471944456812,6.707127331962938,323.293098767413,197.85537644565673,"Increase loft insulation to 270 mm, Cavity wall insulation, Solar photovoltaic panels, 2.5 kWp",5725.0
Boston,190.7406834760706,116.73329828735517,34.62580255758937,20.670219094778545,678.1620045371866,415.0351467767581,"Increase loft insulation to 270 mm, Cavity wall insulation, Solar photovoltaic panels, 2.5 kWp",5725.0
Liverpool,214.80923609566585,131.4632524905475,37.07072299362695,22.129738798275543,824.3625945128734,504.50990784187843,"Increase loft insulation to 270 mm, Cavity wall insulation, Solar photovoltaic panels, 2.5 kWp",5725.0
Sheffield,524.6255741659512,321.07085138956205,91.54703724996533,54.6499193567393,1199.6571681340172,734.1901868980184,"Increase loft insulation to 270 mm, Cavity wall insulation, Solar photovoltaic panels, 2.5 kWp",5725.0
