Target,City,R²,MAE,RMSE,N
Energy,All,-0.17750506455932946,39.82877217637108,52.051793809922195,80
Carbon,All,-0.3014010411232857,8.435656449679684,10.94434763505681,80
Heating Cost,All,0.5370993117396072,182.20161634768846,239.80658321067412,80
Total Cost,All,0.5265591158635656,187.6523318679401,242.52140044940742,80
