City,Records,Mean Energy (kWh/m²),Std Energy,Mean Carbon (kg/m²),Mean Floor Area (m²),HDD
Cambridge,5079,228.70230360307147,134.90545161319534,39.720220515849576,82.88607501476669,2100
Boston,2850,264.35298245614035,147.68111522293106,48.41684210526316,89.55627862105264,2250
Liverpool,21945,253.9408065618592,227.69443743862195,44.58213716108453,78.64642606425154,2150
Sheffield,20126,265.12034184636786,134.29134259975444,46.61780781079201,79.580421399682,2300
